Username,Test Case,Date,Key,Timestamp
INFIX Calculator V.1,a,2025-08-02,7,2025-08-02T03:49:49.871Z
INFIX Calculator V.1,a,2025-08-02,8,2025-08-02T03:49:50.136Z
INFIX Calculator V.1,a,2025-08-02,9,2025-08-02T03:49:50.421Z
INFIX Calculator V.1,a,2025-08-02,x,2025-08-02T03:49:50.829Z
INFIX Calculator V.1,a,2025-08-02,7,2025-08-02T03:49:51.920Z
INFIX Calculator V.1,a,2025-08-02,8,2025-08-02T03:49:52.204Z
INFIX Calculator V.1,a,2025-08-02,9,2025-08-02T03:49:52.646Z
INFIX Calculator V.1,a,2025-08-02,=,2025-08-02T03:49:53.287Z
INFIX Calculator V.1,a,2025-08-02,+,2025-08-02T03:49:53.287Z
INFIX Calculator V.1,a,2025-08-02,1,2025-08-02T03:49:53.789Z
INFIX Calculator V.1,a,2025-08-02,4,2025-08-02T03:49:54.061Z
INFIX Calculator V.1,a,2025-08-02,8,2025-08-02T03:49:54.446Z
INFIX Calculator V.1,a,2025-08-02,=,2025-08-02T03:49:56.304Z
