Username,Test Case,Date,Key,Timestamp
OOC Calculator V.3,a,2025-08-02,7,2025-08-02T03:50:21.886Z
OOC Calculator V.3,a,2025-08-02,8,2025-08-02T03:50:22.205Z
OOC Calculator V.3,a,2025-08-02,9,2025-08-02T03:50:22.529Z
OOC Calculator V.3,a,2025-08-02,x,2025-08-02T03:50:23.565Z
OOC Calculator V.3,a,2025-08-02,(,2025-08-02T03:50:24.346Z
OOC Calculator V.3,a,2025-08-02,7,2025-08-02T03:50:25.087Z
OOC Calculator V.3,a,2025-08-02,8,2025-08-02T03:50:25.345Z
OOC Calculator V.3,a,2025-08-02,9,2025-08-02T03:50:25.597Z
OOC Calculator V.3,a,2025-08-02,+,2025-08-02T03:50:26.329Z
OOC Calculator V.3,a,2025-08-02,1,2025-08-02T03:50:26.829Z
OOC Calculator V.3,a,2025-08-02,4,2025-08-02T03:50:27.181Z
OOC Calculator V.3,a,2025-08-02,8,2025-08-02T03:50:27.654Z
OOC Calculator V.3,a,2025-08-02,),2025-08-02T03:50:28.221Z
OOC Calculator V.3,a,2025-08-02,=,2025-08-02T03:50:28.654Z
