Username,Test Case,Date,Key,Timestamp
OOC Calculator V.3,a,2025-08-02,5,2025-08-02T03:48:56.501Z
OOC Calculator V.3,a,2025-08-02,7,2025-08-02T03:48:56.804Z
OOC Calculator V.3,a,2025-08-02,x,2025-08-02T03:48:57.452Z
OOC Calculator V.3,a,2025-08-02,1,2025-08-02T03:48:57.900Z
OOC Calculator V.3,a,2025-08-02,3,2025-08-02T03:48:58.252Z
OOC Calculator V.3,a,2025-08-02,-,2025-08-02T03:48:58.516Z
OOC Calculator V.3,a,2025-08-02,1,2025-08-02T03:48:59.023Z
OOC Calculator V.3,a,2025-08-02,6,2025-08-02T03:48:59.398Z
OOC Calculator V.3,a,2025-08-02,1,2025-08-02T03:48:59.814Z
OOC Calculator V.3,a,2025-08-02,/,2025-08-02T03:49:00.233Z
OOC Calculator V.3,a,2025-08-02,7,2025-08-02T03:49:00.749Z
OOC Calculator V.3,a,2025-08-02,=,2025-08-02T03:49:01.232Z
