Username,Test Case,Date,Key,Timestamp
OOC Calculator V.3,a,2025-08-02,(,2025-08-02T03:52:13.167Z
OOC Calculator V.3,a,2025-08-02,1,2025-08-02T03:52:13.618Z
OOC Calculator V.3,a,2025-08-02,3,2025-08-02T03:52:13.918Z
OOC Calculator V.3,a,2025-08-02,5,2025-08-02T03:52:14.250Z
OOC Calculator V.3,a,2025-08-02,-,2025-08-02T03:52:15.118Z
OOC Calculator V.3,a,2025-08-02,1,2025-08-02T03:52:15.601Z
OOC Calculator V.3,a,2025-08-02,1,2025-08-02T03:52:15.767Z
OOC Calculator V.3,a,2025-08-02,7,2025-08-02T03:52:16.134Z
OOC Calculator V.3,a,2025-08-02,),2025-08-02T03:52:16.826Z
OOC Calculator V.3,a,2025-08-02,x,2025-08-02T03:52:17.479Z
OOC Calculator V.3,a,2025-08-02,.,2025-08-02T03:52:18.543Z
OOC Calculator V.3,a,2025-08-02,0,2025-08-02T03:52:18.841Z
OOC Calculator V.3,a,2025-08-02,9,2025-08-02T03:52:19.360Z
OOC Calculator V.3,a,2025-08-02,=,2025-08-02T03:52:19.960Z
