Username,Test Case,Date,Key,Timestamp
RPN Calculator V.2,a,2025-08-02,7,2025-08-02T03:50:05.773Z
RPN Calculator V.2,a,2025-08-02,8,2025-08-02T03:50:06.030Z
RPN Calculator V.2,a,2025-08-02,9,2025-08-02T03:50:06.413Z
RPN Calculator V.2,a,2025-08-02,Enter,2025-08-02T03:50:07.549Z
RPN Calculator V.2,a,2025-08-02,7,2025-08-02T03:50:14.478Z
RPN Calculator V.2,a,2025-08-02,8,2025-08-02T03:50:14.773Z
RPN Calculator V.2,a,2025-08-02,9,2025-08-02T03:50:15.103Z
RPN Calculator V.2,a,2025-08-02,Enter,2025-08-02T03:50:16.303Z
RPN Calculator V.2,a,2025-08-02,+,2025-08-02T03:50:16.303Z
RPN Calculator V.2,a,2025-08-02,1,2025-08-02T03:50:17.000Z
RPN Calculator V.2,a,2025-08-02,4,2025-08-02T03:50:17.286Z
RPN Calculator V.2,a,2025-08-02,8,2025-08-02T03:50:17.741Z
RPN Calculator V.2,a,2025-08-02,Enter,2025-08-02T03:50:18.720Z
