Username,Test Case,Date,Key,Timestamp
RPN Calculator V.2,a,2025-08-02,1,2025-08-02T03:51:21.030Z
RPN Calculator V.2,a,2025-08-02,3,2025-08-02T03:51:21.454Z
RPN Calculator V.2,a,2025-08-02,5,2025-08-02T03:51:21.767Z
RPN Calculator V.2,a,2025-08-02,Enter,2025-08-02T03:51:22.110Z
RPN Calculator V.2,a,2025-08-02,1,2025-08-02T03:51:22.647Z
RPN Calculator V.2,a,2025-08-02,1,2025-08-02T03:51:22.806Z
RPN Calculator V.2,a,2025-08-02,7,2025-08-02T03:51:23.214Z
RPN Calculator V.2,a,2025-08-02,Enter,2025-08-02T03:51:25.864Z
RPN Calculator V.2,a,2025-08-02,x,2025-08-02T03:51:25.864Z
RPN Calculator V.2,a,2025-08-02,0,2025-08-02T03:51:27.838Z
RPN Calculator V.2,a,2025-08-02,.,2025-08-02T03:51:28.112Z
RPN Calculator V.2,a,2025-08-02,0,2025-08-02T03:51:28.747Z
RPN Calculator V.2,a,2025-08-02,9,2025-08-02T03:51:29.182Z
RPN Calculator V.2,a,2025-08-02,Enter,2025-08-02T03:51:29.990Z
